1位：,間に合う 父の日ギフト 父の日 プレゼント 誕生日 に大人気！ 皮も丸ごと フルーツゼリー ドライフルーツ5個 スイーツ ギフト フルーツプレゼント 送料無料 応援 福袋 お菓子 花以外 洋菓子 ゼリー バースデー ジャム 母の日ギフト
2位：,父の日 ギフト 財宝 プレミアム プリン 送料無料 選べる6種 6個入 (スペシャル/抹茶/ショコラ/チーズ/紅はるか/きなこ)[ギフト おもてなし とろふわ とろとろ ふわとろ 人気 洋菓子 ランキング 1位 スイーツ]
3位：,【まだ間に合う】父の日 スイーツ [ 父の日ギフト プレゼント プリン スイーツギフト 父の日ギフト スイーツセット 洋菓子 送料無料 ランキング 食べ物 ギフトセット 詰め合わせ 誕生日 常温 日持ち カステラギフト ]まごころ FDJ9
4位：,父の日 ギフト 父の日ギフト プレゼント 送料無料 スイーツ 誕生日 父親 父 誕生日プレゼント スイーツセット 洋菓子 健康 グルメ 果物わかやまポンチ6個入 日本ギフト大賞受賞！和歌山県認定フルーツゼリーゼリー ヘルシースイーツ
5位：,＼最終6/19正午まで／ 父の日 健康 スイーツ ギフト プレゼント 送料無料 食べ物 お中元 誕生日プレゼント 内祝い セット 詰め合わせ おしゃれ お取り寄せ 食品 母 女友達 女性 あす楽【ヘルシースイーツアソート 8個入】
6位：,父の日 ギフト プレゼント 送料無料 スイーツ 誕生日プレゼント玉華堂の極プリン5個入 送料無料(北海道、沖縄別途送料700円)「父の日ギフト お取り寄せ お菓子 人気 ギフト 2021 誕生日 プレゼント 内祝い プチギフト ランキング 1位」
7位：,ポイント10倍 父の日 スイーツ ギフト お中元 送料無料 お菓子 ヨックモック プレゼントYCE-30 サンク デリス(5種51個入り）洋菓子 手土産 個包装 内祝い 焼き菓子 お祝い プレゼント 詰め合わせ お取り寄せ 缶 誕生日 クッキー チョコ のし 暑中見舞い
8位：,期間限定・送料無料 フルートジェリー 9本入 千疋屋総本店
9位：,送料無料 銀座千疋屋特選 銀座ゼリーB 9個入り : 千疋屋 ゼリー ギフト 内祝い 父の日 お中元
10位：,ポイント10倍 送料無料 父の日 スイーツ ギフト お中元 ヨックモック お菓子 詰め合わせYGL-RAS ガトー ドゥ ルメルシモン（6種27個入り）洋菓子 手土産 個包装 内祝い 焼き菓子 お祝い 詰め合わせ お取り寄せ 缶 誕生日 クッキー チョコ プレゼント のし 暑中見舞い
11位：,【送料込】ワッフルケーキ10個入り 父の日 スイーツ 送料無料 お菓子 おしゃれ 洋菓子 ギフト お取り寄せスイーツ ケーキ 退職 お礼 出産内祝い 出産 お祝い返し 内祝い お返し 誕生日 プレゼント 御中元 お中元 お菓子 熨斗 詰め合わせ
12位：,父の日ギフト 父の日 ギフト プレゼント 銀座千疋屋 銀座ゼリーB 送料無料 PGS-062 ギフト ジュレ ジェリー スイーツ 洋菓子 お菓子 手土産 贈り物 お礼 内祝い 父 母 新築祝い お祝い プレゼント ポイント消化 実用的 お中元 御中元 暑中見舞い
13位：,パティスリー キハチ父の日 ギフト プレゼント お中元ギフト スイーツ お菓子 おしゃれ かわいい 洋菓子 セット 詰め合わせ 内祝い お返しデザートゼリー 8個入送料無料お届け日指定可
14位：,公式 丸福珈琲店プリン＆リキッドコーヒーのギフトセットアイスコーヒー アイス珈琲 コーヒー 珈琲 プリン スイーツ ギフト プレゼント コーヒーギフト 父の日 父の日ギフト
15位：,父の日 ギフト プレゼント スイーツ 送料無料 誕生日プレゼント玉華堂の極プリン3個&ありがとうどら焼き2個&生チョコクッキーセット (北海道、沖縄別途送料700円)「父の日ギフト お菓子 クッキー 和菓子 お取り寄せ スイーツ 2021 誕生日」
16位：,【父の日に間に合います】父の日 ギフト プレゼント スイーツ ゼリー ジュース 父の日ギフト 詰め合わせ 父の日プレゼント あす楽 実用的 無添加 国産 和歌山産 寒天ジュレ みかん 清見 甘夏 2021年モンドセレクション最高金賞 金賞 2020年グッドデザイン賞受賞
17位：,ふわふわオムレット 「ニコニコ12個(6種類)お試しセット」 ギフト 父の日 スイーツ お菓子 手土産 洋菓子 ギフト お祝い 和菓子 プレゼント 父の日ギフト 贈物 お取り寄せスイーツ 送料無料 贈り物　生クリームたっぷりスイーツ お中元スイーツ
18位：,あす楽 早得キャンペーンポイント5倍 父の日 お中元 千疋屋 ゼリー パティスリー銀座千疋屋 ギフト Gift 贈り物 送料無料 銀座ゼリーB（9個入）［のし不可］［あす楽商品以外同梱不可］
19位：,【父の日に間に合います】父の日 スイーツ ギフト プレゼント みかんゼリー フルーツゼリー スイーツ あす楽 国産 無添加 ビン 8個 ジュレ 送料無料 2021 実用的 セット 花以外 誕生日 パパ おしゃれ かわいい 父の日ギフト
20位：,【メール便 送料無料】 Summerバージョン 風美庵お試しセット mailbin
21位：,送料無料 銀座千疋屋特選 デラックスゼリー詰合せ : 千疋屋 ゼリー ギフト 内祝い 父の日 お中元
22位：,送料無料 父の日 スイーツ ギフト ヨックモック お中元 お菓子 クッキー 詰め合わせYOLR-30NV ガトー ヌーヴォー（5種43個入り）洋菓子 プレゼント 焼き菓子 クッキー 個包装 お取り寄せ 内祝い 人気 誕生日 ご挨拶 お祝い お返し 引越祝い のし 暑中見舞い
23位：,父の日 ギフト 父の日 プレゼント 果実の宝石箱 フルーツコンポート3本セット＼4年連続グルメ大賞／総合ランキング1位送料無料 スイーツ ゼリー 内祝 ヘルシースイーツ 健康 グルメ 果物
24位：,お中元 ギフト ゼリー 詰め合わせ 送料無料 涼の雫 ゼリー詰め合わせ 8個（包装済）（あす楽）京寿楽庵 セット 詰合せ 内祝い お返し 出産
25位：,送料無料 銀座千疋屋特選 銀座フルーツジュレ : 千疋屋 お菓子 ギフト 内祝い 父の日 お中元
26位：,父の日 スイーツ ギフト 送料無料 特製ぷりん 6瓶入 濃厚 ぷりん 詰め合わせ お返し 人気 プチギフト 内祝 結婚祝い 出産祝い 退職祝い お礼 お誕生日 プレゼント 濃厚 なめらか極上プリン お取り寄せ 面白い おもしろい ブランド お中元 ギフト【冷蔵配送】
27位：,お中元 ギフト ゼリー 詰め合わせ 送料無料 涼の雫 ゼリー詰め合わせ 4個（包装済）（あす楽） 京寿楽庵 セット 詰合せ 内祝い お返し 出産
28位：,父の日 ギフト スイーツ プレゼント 送料無料 でぶのもとぷりん 5瓶入 プリン 濃厚 ぷりん 詰め合わせ お誕生日 人気 プチギフト 手土産 内祝 出産祝 退職祝 お礼 お返し パーティー お取り寄せ 面白い かわいい おもしろい ブランド 冷蔵配送
29位：,早得キャンペーンポイント5倍 父の日 お中元 千疋屋 プリン パティスリー銀座千疋屋 ギフト Gift 贈り物 送料無料 銀座プリン詰合せ
30位：,父の日 ギフトプレゼント 送料無料 おしゃれ 生チーズケーキ 詰め合わせ 8個入 プリン ケーキ 健康スイーツかわいい お取り寄せ スイーツ お菓子 誕生日 内祝 健康 フルーツ プチギフト 結婚式 ご挨拶 お土産 出産祝い 退職祝 お返し 御礼 お中元
